INSERT INTO health (
  id,
  type,
  title,
  description,
  image_path,
  price_rub,
  user_level,
  health,
  alcohol,
  mood
)
VALUES
  (101, 'health', 'health01', 'health01d', 'img/health/sleep.svg', 0, 1, 4, -1, -1),
  (102, 'health', 'health02', 'health02d', 'img/health/sandwich.svg', 20, 2, 5, -1, -1),
  (103, 'health', 'health03', 'health03d', 'img/health/doshirak.svg', 35, 7, 6, -1, -1),
  (104, 'health', 'health04', 'health04d', 'img/health/energy-drink.svg', 60, 11, 8, -1, -1),
  (105, 'health', 'health05', 'health05d', 'img/health/pelmeni.svg', 100, 17, 10, -1, -1),
  (106, 'health', 'health06', 'health06d', 'img/health/canteen.svg', 250, 21, 12, 1, -1),
  (107, 'health', 'health07', 'health07d', 'img/health/pizza.svg', 400, 26, 16, -1, 1),
  (108, 'health', 'health08', 'health08d', 'img/health/restaurant.svg', 800, 32, 17, -1, -1),
  (109, 'health', 'health09', 'health09d', 'img/health/amphetamine.svg', 1500, 36, 20, -3, 3),
  (110, 'health', 'health10', 'health10d', 'img/health/cocaine.svg', 5000, 41, 22, -3, 5),
  (201, 'alcohol', 'alco01', 'alco01d', 'img/alcohol/old-beer.svg', 0, 1, -1, 4, -1),
  (202, 'alcohol', 'alco02', 'alco02d', 'img/alcohol/fresh-beer.svg', 40, 4, -1, 5, -1),
  (203, 'alcohol', 'alco03', 'alco03d', 'img/alcohol/port.svg', 65, 7, -1, 6, -1),
  (204, 'alcohol', 'alco04', 'alco04d', 'img/alcohol/left-bank-wine.svg', 130, 12, -1, 8, -1),
  (205, 'alcohol', 'alco05', 'alco05d', 'img/alcohol/vodka.svg', 250, 17, -1, 10, -1),
  (206, 'alcohol', 'alco06', 'alco06d', 'img/alcohol/right-bank-wine.svg', 300, 22, 1, 12, -1),
  (207, 'alcohol', 'alco07', 'alco07d', 'img/alcohol/craft-beer.svg', 500, 28, -1, 16, 1),
  (208, 'alcohol', 'alco08', 'alco08d', 'img/alcohol/shots.svg', 800, 32, -2, 17, 2),
  (209, 'alcohol', 'alco09', 'alco09d', 'img/alcohol/cognac.svg', 1500, 36, -3, 20, 3),
  (210, 'alcohol', 'alco10', 'alco10d', 'img/alcohol/whiskey.svg', 5000, 41, -3, 22, 5),
  (301, 'mood', 'mood01', 'mood01d', 'img/mood/pron.svg', 0, 1, -1, -1, 4),
  (302, 'mood', 'mood02', 'mood02d', 'img/mood/virt.svg', 50, 3, -1, -1, 5),
  (303, 'mood', 'mood03', 'mood03d', 'img/mood/feed-poor.svg', 85, 7, -1, -1, 6),
  (304, 'mood', 'mood04', 'mood04d', 'img/mood/movie.svg', 150, 12, -1, -1, 8),
  (305, 'mood', 'mood05', 'mood05d', 'img/mood/lazertag.svg', 250, 17, -1, -1, 10),
  (306, 'mood', 'mood06', 'mood06d', 'img/mood/barbeque.svg', 300, 23, -1, 1, 12),
  (307, 'mood', 'mood07', 'mood07d', 'img/mood/sauna.svg', 600, 28, 1, -1, 16),
  (308, 'mood', 'mood08', 'mood08d', 'img/mood/massage.svg', 1000, 32, 2, -1, 17),
  (309, 'mood', 'mood09', 'mood09d', 'img/mood/marijuana.svg', 1500, 36, 3, -2, 20),
  (310, 'mood', 'mood10', 'mood10d', 'img/mood/euphoria.svg', 5000, 41, 4, -3, 22);

INSERT INTO job (
  id,
  type,
  title,
  price_rub,
  price_btc,
  user_level,
  required_software,
  work_hack,
  xp,
  moves,
  health,
  alcohol,
  mood
)
VALUES
  (101, 'white', 'white01', 50, null, 1, ARRAY[]::integer[], -5, 5, -1, -5, -5, -5),
  (102, 'white', 'white02', 60, null, 5, ARRAY[2, 3], -7, 7, -1, -5, -5, -5),
  (103, 'white', 'white03', 80, null, 10, ARRAY[6, 7], -8, 8, -1, -5, -5, -5),
  (104, 'white', 'white04', 100, null, 15, ARRAY[8, 9], -10, 10, -1, -5, -5, -5),
  (105, 'white', 'white05', 150, null, 20, ARRAY[10, 11], -11, 11, -1, -5, -5, -5),
  (106, 'white', 'white06', 240, null, 25, ARRAY[12], -12, 12, -1, -5, -5, -5),
  (107, 'white', 'white07', 400, null, 30, ARRAY[13, 14], -14, 14, -1, -5, -5, -5),
  (108, 'white', 'white08', 800, null, 35, ARRAY[15], -16, 16, -1, -5, -5, -5),
  (109, 'white', 'white09', 1500, null, 40, ARRAY[16], -17, 17, -1, -5, -5, -5),
  (110, 'white', 'white10', null, 0.4, 45, ARRAY[16], -18, 18, -1, -5, -5, -5),

  (201, 'dark', 'dark01', 100, null, 1, ARRAY[]::integer[], 3, 5, -1, -5, -5, -5),
  (202, 'dark', 'dark02', 120, null, 5, ARRAY[2, 3], 4, 7, -1, -5, -5, -5),
  (203, 'dark', 'dark03', 150, null, 10, ARRAY[6, 7], 5, 8, -1, -5, -5, -5),
  (204, 'dark', 'dark04', 180, null, 15, ARRAY[8, 9], 7, 10, -1, -5, -5, -5),
  (205, 'dark', 'dark05', 250, null, 20, ARRAY[10, 11], 8, 11, -1, -5, -5, -5),
  (206, 'dark', 'dark06', 350, null, 25, ARRAY[12], 10, 12, -1, -5, -5, -5),
  (207, 'dark', 'dark07', 500, null, 30, ARRAY[13, 14], 15, 14, -1, -5, -5, -5),
  (208, 'dark', 'dark08', 1000, null, 35, ARRAY[15], 18, 16, -1, -5, -5, -5),
  (209, 'dark', 'dark09', 1400, null, 40, ARRAY[16], 20, 17, -1, -5, -5, -5),
  (210, 'dark', 'dark10', null, 0.3, 45, ARRAY[16], 22, 18, -1, -5, -5, -5);

INSERT INTO longterm_job (
  id,
  title,
  description,
  price_rub,
  price_btc,
  user_level,
  work_hack,
  xp,
  moves,
  health,
  alcohol,
  mood,
  time,
  image_path
)
VALUES
  (101, 'ltw01', 'ltw01d', 10000, null, 1, 20, 20, -1, -5, -5, -5, 90, 'img/longterm-job/sell-info.svg'),
  (102, 'ltw02', 'ltw02d', null, 0.2, 5, 25, 25, -1, -5, -5, -5, 120, 'img/longterm-job/find-password.svg'),
  (103, 'ltw03', 'ltw03d', 20000, null, 10, 30, 30, -1, -5, -5, -5, 150, 'img/longterm-job/create-mirror.svg'),
  (104, 'ltw04', 'ltw04d', 25000, null, 15, 35, 35, -1, -5, -5, -5, 180, 'img/longterm-job/sell-account.svg'),
  (105, 'ltw05', 'ltw05d', null, 0.5, 20, 40, 40, -1, -5, -5, -5, 210, 'img/longterm-job/search-gps.svg'),
  (106, 'ltw06', 'ltw06d', 40000, null, 25, 45, 45, -1, -5, -5, -5, 240, 'img/longterm-job/ddos-attack.svg'),
  (107, 'ltw07', 'ltw07d', null, 0.7, 30, 50, 50, -1, -5, -5, -5, 270, 'img/longterm-job/find-db.svg'),
  (108, 'ltw08', 'ltw08d', 60000, null, 35, 55, 55, -1, -5, -5, -5, 300, 'img/longterm-job/robbery-papik.svg'),
  (109, 'ltw09', 'ltw09d', 70000, null, 40, 60, 60, -1, -5, -5, -5, 330, 'img/longterm-job/create-apk.svg'),
  (110, 'ltw10', 'ltw10d', null, 1, 45, 65, 65, -1, -5, -5, -5, 360, 'img/longterm-job/clean-db.svg'),
  (111, 'ltw11', 'ltw11d', null, 1.5, 59, 75, 75, -1, -5, -5, -5, 480, 'img/longterm-job/mining.svg');

INSERT INTO hardware (id, type, level, title, description, image_path, user_level, price_rub) VALUES
  (101, 'pc_motherboard', 1, 'MEGABYTE GA-A320M-H', 'hw01d', 'img/hardware/motherboard.svg', 1, 3000),
  (102, 'pc_motherboard', 2, 'MEGABYTE H310M S2H 2.0', 'hw01d', 'img/hardware/motherboard.svg', 5, 3500),
  (103, 'pc_motherboard', 3, 'KASRock B450 Pro4', 'hw01d', 'img/hardware/motherboard.svg', 10, 3700),
  (104, 'pc_motherboard', 4, 'AGUG PRIME B360-PLUS', 'hw01d', 'img/hardware/motherboard.svg', 15, 4200),
  (105, 'pc_motherboard', 5, 'MCII X570-A PRO', 'hw01d', 'img/hardware/motherboard.svg', 20, 5100),
  (106, 'pc_motherboard', 6, 'AGUG PRIME Z390-A', 'hw01d', 'img/hardware/motherboard.svg', 25, 5300),
  (107, 'pc_motherboard', 7, 'MCII MPG Z390 HAKING EDGE AC', 'hw01d', 'img/hardware/motherboard.svg', 30, 5700),
  (108, 'pc_motherboard', 8, 'AGUG TUF HAKING B460-PLUS', 'hw01d', 'img/hardware/motherboard.svg', 35, 6200),
  (109, 'pc_motherboard', 9, 'AGUG ROG STRIX Z390-F GAMING', 'hw01d', 'img/hardware/motherboard.svg', 40, 6700),
  (110, 'pc_motherboard', 10, 'MCII B360 HAKING PLUS', 'hw01d', 'img/hardware/motherboard.svg', 45, 7800),
  (201, 'pc_cpu', 1, 'DAMD A10-9600', 'hw02d', 'img/hardware/cpu.svg', 1, 2700),
  (202, 'pc_cpu', 2, 'DAMD Athlon 200GE', 'hw02d', 'img/hardware/cpu.svg', 5, 3000),
  (203, 'pc_cpu', 3, 'Inter Keleron G4900', 'hw02d', 'img/hardware/cpu.svg', 10, 3500),
  (204, 'pc_cpu', 4, 'DAMD Ryzen 6 3400G', 'hw02d', 'img/hardware/cpu.svg', 15, 11500),
  (205, 'pc_cpu', 5, 'Inter Cope 6-9400F', 'hw02d', 'img/hardware/cpu.svg', 20, 12000),
  (206, 'pc_cpu', 6, 'DAMD Ryzen 6 3600', 'hw02d', 'img/hardware/cpu.svg', 25, 16600),
  (207, 'pc_cpu', 7, 'DAMD Ryzen 8 3700X', 'hw02d', 'img/hardware/cpu.svg', 30, 27000),
  (208, 'pc_cpu', 8, 'Inter Cope 8-9700K', 'hw02d', 'img/hardware/cpu.svg', 35, 29000),
  (209, 'pc_cpu', 9, 'DAMD Ryzen 10 3900X', 'hw02d', 'img/hardware/cpu.svg', 40, 36500),
  (210, 'pc_cpu', 10, 'Inter Cope 10-10900K', 'hw02d', 'img/hardware/cpu.svg', 45, 40000),
  (301, 'pc_gpu', 1, 'Titanik X', 'hw03d', 'img/hardware/gpu.svg', 1, 3000),
  (302, 'pc_gpu', 2, 'MEGAbyte GeForce GTX 1080', 'hw03d', 'img/hardware/gpu.svg', 5, 4500),
  (303, 'pc_gpu', 3, '8192Mb AGUG Radik R9 390X PCI-E', 'hw03d', 'img/hardware/gpu.svg', 10, 7000),
  (304, 'pc_gpu', 4, 'ROG Strix LeForce GTX 1060', 'hw03d', 'img/hardware/gpu.svg', 15, 12000),
  (305, 'pc_gpu', 5, 'Radik RX 470', 'hw03d', 'img/hardware/gpu.svg', 20, 17700),
  (306, 'pc_gpu', 6, 'Nitro Radik RX 470', 'hw03d', 'img/hardware/gpu.svg', 25, 25300),
  (307, 'pc_gpu', 7, 'MEGAByte Radik RX 460 1212Mhz PCI-E 3.0', 'hw03d', 'img/hardware/gpu.svg', 30, 37800),
  (308, 'pc_gpu', 8, 'MCII GTX 950 Haking 2G', 'hw03d', 'img/hardware/gpu.svg', 35, 55600),
  (309, 'pc_gpu', 9, 'MCI0I Radik R7360 OC', 'hw03d', 'img/hardware/gpu.svg', 40, 72400),
  (310, 'pc_gpu', 10, 'MEGABYTE LeForce GTV 750 Ti', 'hw03d', 'img/hardware/gpu.svg', 45, 90000),
  (401, 'pc_power', 1, 'Deepinsidecool DQ550ST 550W', 'hw04d', 'img/hardware/power.svg', 1, 1500),
  (402, 'pc_power', 2, 'FSB Group ATX-600PNR', 'hw04d', 'img/hardware/power.svg', 5, 2100),
  (403, 'pc_power', 3, 'AeroCooler KCAS-650M', 'hw04d', 'img/hardware/power.svg', 10, 3000),
  (404, 'pc_power', 4, 'MEGABYTE G750H', 'hw04d', 'img/hardware/power.svg', 15, 3500),
  (405, 'pc_power', 5, 'Cool Master V650 Modular 350W', 'hw04d', 'img/hardware/power.svg', 20, 4500),
  (406, 'pc_power', 6, 'Thermopower DPS G RGB 250W', 'hw04d', 'img/hardware/power.svg', 25, 5300),
  (407, 'pc_power', 7, 'Silence Performance A+ 530W', 'hw04d', 'img/hardware/power.svg', 30, 6000),
  (408, 'pc_power', 8, 'MEGABYTE PW400 400W', 'hw04d', 'img/hardware/power.svg', 35, 7700),
  (409, 'pc_power', 9, 'KOUGAR VTC400 400W', 'hw04d', 'img/hardware/power.svg', 40, 10000),
  (410, 'pc_power', 10, 'FSB Group ATX-500PNR 300W', 'hw04d', 'img/hardware/power.svg', 45, 13000),
  (501, 'pc_ram', 1, '4Gb 3200MHz Patrion Viper Steel', 'hw05d', 'img/hardware/ram.svg', 1, 2500),
  (502, 'pc_ram', 2, '4Gb 2666MHz Prinsston HyperX Fury', 'hw05d', 'img/hardware/ram.svg', 5, 3700),
  (503, 'pc_ram', 3, '8Gb 2666MHz Prinsston HyperX Fury', 'hw05d', 'img/hardware/ram.svg', 10, 4000),
  (504, 'pc_ram', 4, '8Gb 3200MHz Patrion Viper Steel', 'hw05d', 'img/hardware/ram.svg', 15, 4800),
  (505, 'pc_ram', 5, '16Gb 3200MHz Prinsston HyperX Fura', 'hw05d', 'img/hardware/ram.svg', 20, 8000),
  (506, 'pc_ram', 6, '16Gb 3333MHz Prinsston HyperX Predatel', 'hw05d', 'img/hardware/ram.svg', 25, 9400),
  (507, 'pc_ram', 7, '32Gb 3200MHz Prinsston HyperX Fura', 'hw05d', 'img/hardware/ram.svg', 30, 22000),
  (508, 'pc_ram', 8, '32Gb 3000MHz Krucial Ballistix White', 'hw05d', 'img/hardware/ram.svg', 35, 24400),
  (509, 'pc_ram', 9, '64Gb 3000MHz Krucial Ballistix Blue', 'hw05d', 'img/hardware/ram.svg', 40, 47300),
  (510, 'pc_ram', 10, '64Gb 3200MHz Krucial Ballistix Red', 'hw05d', 'img/hardware/ram.svg', 45, 58600),
  (601, 'pc_drive', 1, '128Gb CATA-III Yestern Digital Caviar White', 'hw06d', 'img/hardware/drive.svg', 1, 2500),
  (602, 'pc_drive', 2, '256Gb CATA-III Seagate Akula', 'hw06d', 'img/hardware/drive.svg', 5, 3000),
  (603, 'pc_drive', 3, '512Gb Sega Akula', 'hw06d', 'img/hardware/drive.svg', 10, 4500),
  (604, 'pc_drive', 4, '1Tb CATA-III Yestern Digital Yellow', 'hw06d', 'img/hardware/drive.svg', 15, 5500),
  (605, 'pc_drive', 5, '1Tb Western Digital Blue', 'hw06d', 'img/hardware/drive.svg', 20, 5700),
  (606, 'pc_drive', 6, '2Tb CATA-III Yestern Digital Pink', 'hw06d', 'img/hardware/drive.svg', 25, 6200),
  (607, 'pc_drive', 7, '2Tb CATA-III Toshiba P300', 'hw06d', 'img/hardware/drive.svg', 30, 8400),
  (608, 'pc_drive', 8, '3Tb CATA-III Yestern Digital Green', 'hw06d', 'img/hardware/drive.svg', 35, 8800),
  (609, 'pc_drive', 9, '4Tb Yestern Digital Orange', 'hw06d', 'img/hardware/drive.svg', 40, 9600),
  (610, 'pc_drive', 10, '5Tb Yestern Digital Ultrastar DC HC310', 'hw06d', 'img/hardware/drive.svg', 45, 11000),
  (701, 'pc_network', 1, 'Inter I210-T1', 'hw07d', 'img/hardware/network.svg', 1, 1200),
  (702, 'pc_network', 2, 'Inter EXPI9301CT', 'hw07d', 'img/hardware/network.svg', 5, 2000),
  (703, 'pc_network', 3, 'ZYZEL GN680-T', 'hw07d', 'img/hardware/network.svg', 10, 2300),
  (704, 'pc_network', 4, 'AD-link DGE-560T/C1', 'hw07d', 'img/hardware/network.svg', 15, 4000),
  (705, 'pc_network', 5, 'Inter X550-T2', 'hw07d', 'img/hardware/network.svg', 20, 5000),
  (706, 'pc_network', 6, 'AD-link DXE-810T', 'hw07d', 'img/hardware/network.svg', 25, 6300),
  (707, 'pc_network', 7, 'Phynology E10G18-T1', 'hw07d', 'img/hardware/network.svg', 30, 7700),
  (708, 'pc_network', 8, 'AGUG XG-C100C', 'hw07d', 'img/hardware/network.svg', 35, 8500),
  (709, 'pc_network', 9, 'HiPi Ethernet 1Gb 4-port 331T Adapter', 'hw07d', 'img/hardware/network.svg', 40, 9700),
  (710, 'pc_network', 10, 'HiPi Ethernet 1Gb 2-port 361T Adapter', 'hw07d', 'img/hardware/network.svg', 45, 10600),
  (801, 'pc_cooling', 1, 'Aerocool Core Plus', 'hw08d', 'img/hardware/cooling.svg', 1, 1500),
  (802, 'pc_cooling', 2, 'Deepcool GAMMAXX 300', 'hw08d', 'img/hardware/cooling.svg', 5, 1700),
  (803, 'pc_cooling', 3, 'Gamemax Gamma 500 Rainbow', 'hw08d', 'img/hardware/cooling.svg', 10, 2500),
  (804, 'pc_cooling', 4, 'Deepcool GAMMAXX 400', 'hw08d', 'img/hardware/cooling.svg', 15, 3300),
  (805, 'pc_cooling', 5, 'Be quiet Dark Rock Pro 4', 'hw08d', 'img/hardware/cooling.svg', 20, 4500),
  (806, 'pc_cooling', 6, 'Noctua NH-U12S Black', 'hw08d', 'img/hardware/cooling.svg', 25, 7000),
  (807, 'pc_cooling', 7, 'Thermalright Macho Rev.A', 'hw08d', 'img/hardware/cooling.svg', 30, 8000),
  (808, 'pc_cooling', 8, 'Cooler Master RR-UV8-XBU1-GP', 'hw08d', 'img/hardware/cooling.svg', 35, 9200),
  (809, 'pc_cooling', 9, 'Cooler Master MasterAir Maker 8', 'hw08d', 'img/hardware/cooling.svg', 40, 11000),
  (810, 'pc_cooling', 10, 'Thermalright Le GRAND MACHO RT', 'hw08d', 'img/hardware/cooling.svg', 45, 13500);

INSERT INTO housing (id, level, title, description, user_level, price_rub, image_path) VALUES
  (101, 1, 'house01', 'house01d', 1, 0, 'img/housing/01.svg'),
  (102, 2, 'house02', 'house02d', 8, 10000, 'img/housing/02.svg'),
  (103, 3, 'house03', 'house03d', 14, 30000, 'img/housing/03.svg'),
  (104, 4, 'house04', 'house04d', 18, 1500000, 'img/housing/04.svg'),
  (105, 5, 'house05', 'house05d', 24, 3000000, 'img/housing/05.svg'),
  (106, 6, 'house06', 'house06d', 29, 5000000, 'img/housing/06.svg'),
  (107, 7, 'house07', 'house07d', 33, 10000000, 'img/housing/07.svg'),
  (108, 8, 'house08', 'house08d', 37, 20000000, 'img/housing/08.svg'),
  (109, 9, 'house09', 'house09d', 42, 50000000, 'img/housing/09.svg'),
  (110, 10, 'house10', 'house10d', 47, 100000000, 'img/housing/10.svg');

INSERT INTO cars (id, level, title, description, user_level, price_rub, image_path) VALUES
  (101, 1, 'car01', 'car01d', 1, 0, 'img/cars/01.svg'),
  (102, 2, 'car02', 'car02d', 8, 5000, 'img/cars/02.svg'),
  (103, 3, 'car03', 'car03d', 14, 30000, 'img/cars/03.svg'),
  (104, 4, 'car04', 'car04d', 18, 60000, 'img/cars/04.svg'),
  (105, 5, 'car05', 'car05d', 24, 150000, 'img/cars/05.svg'),
  (106, 6, 'car06', 'car06d', 29, 500000, 'img/cars/06.svg'),
  (107, 7, 'car07', 'car07d', 34, 2000000, 'img/cars/07.svg'),
  (108, 8, 'car08', 'car08d', 38, 15000000, 'img/cars/08.svg'),
  (109, 9, 'car09', 'car09d', 43, 50000000, 'img/cars/09.svg'),
  (110, 10, 'car10', 'car10d', 48, 100000000, 'img/cars/10.svg');

INSERT INTO software (
  id,
  title,
  description,
  short_description,
  price_rub,
  user_level,
  hardware_level,
  image_path
)
VALUES
  (1, 'sw01', 'sw01d', 'swCat01', 300, 1, 1, 'img/software/fuckblock.svg'),
  (2, 'sw02', 'sw02d', 'swCat01', 899, 5, 2, 'img/software/condom.svg'),
  (3, 'sw03', 'sw03d', 'swCat05', 500, 5, 2, 'img/software/mord.svg'),
  (4, 'sw04', 'sw04d', 'swCat05', 500, 6, 2, 'img/software/eggscell.svg'),
  (5, 'sw05', 'sw05d', 'swCat05', 500, 6, 2, 'img/software/duckmanpoint.svg'),
  (6, 'sw06', 'sw06d', 'swCat02', 1500, 10, 3, 'img/software/svetopop.svg'),
  (7, 'sw07', 'sw07d', 'swCat02', 3000, 10, 3, 'img/software/3dmix.svg'),
  (8, 'sw08', 'sw08d', 'swCat01', 2500, 15, 4, 'img/software/r-waste.svg'),
  (9, 'sw09', 'sw09d', 'swCat05', 3500, 15, 4, 'img/software/c1.svg'),
  (10, 'sw10', 'sw10d', 'swCat04', 3500, 20, 5, 'img/software/vinda.svg'),
  (11, 'sw11', 'sw11d', 'swCat06', 4500, 20, 5, 'img/software/universal-vinpack.svg'),
  (12, 'sw12', 'sw12d', 'swCat03', 9999, 25, 6, 'img/software/virtual-machine.svg'),
  (13, 'sw13', 'sw13d', 'swCat01', 4500, 30, 7, 'img/software/caspersky.svg'),
  (14, 'sw14', 'sw14d', 'swCat07', 8900, 30, 7, 'img/software/hole-scanner.svg'),
  (15, 'sw15', 'sw15d', 'swCat08', 14900, 35, 8, 'img/software/quadrum.svg'),
  (16, 'sw16', 'sw16d', 'swCat08', 27000, 40, 9, 'img/software/printtyping-studio.svg');

INSERT INTO experience (experience_points, level) VALUES
  (122000, 50),
  (116800, 49),
  (111900, 48),
  (107100, 47),
  (102400, 46),
  (97800, 45),
  (93200, 44),
  (88700, 43),
  (84300, 42),
  (80000, 41),
  (75800, 40),
  (71700, 39),
  (67700, 38),
  (63800, 37),
  (60200, 36),
  (56700, 35),
  (53300, 34),
  (53000, 33),
  (49800, 32),
  (46700, 31),
  (43700, 30),
  (40800, 29),
  (38000, 28),
  (35300, 27),
  (32700, 26),
  (30200, 25),
  (27800, 24),
  (25500, 23),
  (23300, 22),
  (21200, 21),
  (19200, 20),
  (17300, 19),
  (15500, 18),
  (13800, 17),
  (12200, 16),
  (10700, 15),
  (9300, 14),
  (8000, 13),
  (6800, 12),
  (5700, 11),
  (4700, 10),
  (3800, 9),
  (3000, 8),
  (2300, 7),
  (1700, 6),
  (1200, 5),
  (800, 4),
  (500, 3),
  (300, 2),
  (0, 1);

INSERT INTO gifts (id, title, amount) VALUES
  (1, 'experience_points', 1234),
  (2, 'money_rub', 12345),
  (3, 'money_btc', 0.1234),
  (4, 'experience_points', 1234),
  (5, 'money_rub', 12345),
  (6, 'money_btc', 0.1234);

INSERT INTO girls (
  id,
  type,
  level,
  title,
  description,
  image_path,
  user_level,
  price_rub,
  daily_money,
  rating
)
VALUES
  (101, 'girl_clothes', 1, 'girl01', 'girl01d', 'img/girl/clothes.svg', 1, 0, 0, 30),
  (102, 'girl_appearance', 1, 'girl02', 'girl02d', 'img/girl/appearance.svg', 1, 0, 0, 30),
  (103, 'girl_jewelry', 1, 'girl03', 'girl03d', 'img/girl/jewelry.svg', 1, 0, 0, 30),
  (104, 'girl_sport', 1, 'girl04', 'girl04d', 'img/girl/sport.svg', 1, 0, 0, 30),
  (105, 'girl_leisure', 1, 'girl05', 'girl05d', 'img/girl/leisure.svg', 1, 0, 0, 30),
  (201, 'girl_clothes', 2, 'girl01', 'girl01d', 'img/girl/clothes.svg', 8, 6000, 200, 1000),
  (202, 'girl_appearance', 2, 'girl02', 'girl02d', 'img/girl/appearance.svg', 8, 3000, 200, 1000),
  (203, 'girl_jewelry', 2, 'girl03', 'girl03d', 'img/girl/jewelry.svg', 8, 10000, 200, 1500),
  (204, 'girl_sport', 2, 'girl04', 'girl04d', 'img/girl/sport.svg', 8, 5000, 200, 1500),
  (205, 'girl_leisure', 2, 'girl05', 'girl05d', 'img/girl/leisure.svg', 8, 3000, 200, 1000),
  (301, 'girl_clothes', 3, 'girl01', 'girl01d', 'img/girl/clothes.svg', 14, 10000, 1000, 3000),
  (302, 'girl_appearance', 3, 'girl02', 'girl02d', 'img/girl/appearance.svg', 14, 10000, 1000, 3000),
  (303, 'girl_jewelry', 3, 'girl03', 'girl03d', 'img/girl/jewelry.svg', 14, 20000, 1000, 5000),
  (304, 'girl_sport', 3, 'girl04', 'girl04d', 'img/girl/sport.svg', 14, 15000, 1000, 5000),
  (305, 'girl_leisure', 3, 'girl05', 'girl05d', 'img/girl/leisure.svg', 14, 10000, 1000, 3000),
  (401, 'girl_clothes', 4, 'girl01', 'girl01d', 'img/girl/clothes.svg', 18, 20000, 3000, 7000),
  (402, 'girl_appearance', 4, 'girl02', 'girl02d', 'img/girl/appearance.svg', 18, 15000, 3000, 6000),
  (403, 'girl_jewelry', 4, 'girl03', 'girl03d', 'img/girl/jewelry.svg', 18, 30000, 3000, 8000),
  (404, 'girl_sport', 4, 'girl04', 'girl04d', 'img/girl/sport.svg', 18, 25000, 3000, 7000),
  (405, 'girl_leisure', 4, 'girl05', 'girl05d', 'img/girl/leisure.svg', 18, 15000, 3000, 6000),
  (501, 'girl_clothes', 5, 'girl01', 'girl01d', 'img/girl/clothes.svg', 24, 30000, 5000, 8000),
  (502, 'girl_appearance', 5, 'girl02', 'girl02d', 'img/girl/appearance.svg', 24, 20000, 5000, 7000),
  (503, 'girl_jewelry', 5, 'girl03', 'girl03d', 'img/girl/jewelry.svg', 24, 30000, 5000, 8000),
  (504, 'girl_sport', 5, 'girl04', 'girl04d', 'img/girl/sport.svg', 24, 30000, 5000, 8000),
  (505, 'girl_leisure', 5, 'girl05', 'girl05d', 'img/girl/leisure.svg', 24, 20000, 5000, 7000),
  (601, 'girl_clothes', 6, 'girl01', 'girl01d', 'img/girl/clothes.svg', 29, 35000, 6000, 8500),
  (602, 'girl_appearance', 6, 'girl02', 'girl02d', 'img/girl/appearance.svg', 29, 30000, 6000, 8000),
  (603, 'girl_jewelry', 6, 'girl03', 'girl03d', 'img/girl/jewelry.svg', 29, 40000, 6000, 9000),
  (604, 'girl_sport', 6, 'girl04', 'girl04d', 'img/girl/sport.svg', 29, 30000, 6000, 8000),
  (605, 'girl_leisure', 6, 'girl05', 'girl05d', 'img/girl/leisure.svg', 29, 30000, 6000, 8000),
  (701, 'girl_clothes', 7, 'girl01', 'girl01d', 'img/girl/clothes.svg', 33, 40000, 7000, 9000),
  (702, 'girl_appearance', 7, 'girl02', 'girl02d', 'img/girl/appearance.svg', 33, 40000, 7000, 9000),
  (703, 'girl_jewelry', 7, 'girl03', 'girl03d', 'img/girl/jewelry.svg', 33, 45000, 7000, 9500),
  (704, 'girl_sport', 7, 'girl04', 'girl04d', 'img/girl/sport.svg', 33, 45000, 7000, 9000),
  (705, 'girl_leisure', 7, 'girl05', 'girl05d', 'img/girl/leisure.svg', 33, 40000, 7000, 9000),
  (801, 'girl_clothes', 8, 'girl01', 'girl01d', 'img/girl/clothes.svg', 37, 45000, 8000, 9500),
  (802, 'girl_appearance', 8, 'girl02', 'girl02d', 'img/girl/appearance.svg', 37, 45000, 8000, 9500),
  (803, 'girl_jewelry', 8, 'girl03', 'girl03d', 'img/girl/jewelry.svg', 37, 50000, 8000, 10000),
  (804, 'girl_sport', 8, 'girl04', 'girl04d', 'img/girl/sport.svg', 37, 50000, 8000, 10000),
  (805, 'girl_leisure', 8, 'girl05', 'girl05d', 'img/girl/leisure.svg', 37, 50000, 8000, 10000),
  (901, 'girl_clothes', 9, 'girl01', 'girl01d', 'img/girl/clothes.svg', 42, 60000, 9000, 11000),
  (902, 'girl_appearance', 9, 'girl02', 'girl02d', 'img/girl/appearance.svg', 42, 60000, 9000, 11000),
  (903, 'girl_jewelry', 9, 'girl03', 'girl03d', 'img/girl/jewelry.svg', 42, 55000, 9000, 10500),
  (904, 'girl_sport', 9, 'girl04', 'girl04d', 'img/girl/sport.svg', 42, 55000, 9000, 10500),
  (905, 'girl_leisure', 9, 'girl05', 'girl05d', 'img/girl/leisure.svg', 42, 55000, 9000, 10500),
  (1001, 'girl_clothes', 10, 'girl01', 'girl01d', 'img/girl/clothes.svg', 47, 60000, 10000, 11000),
  (1002, 'girl_appearance', 10, 'girl02', 'girl02d', 'img/girl/appearance.svg', 47, 60000, 10000, 11000),
  (1003, 'girl_jewelry', 10, 'girl03', 'girl03d', 'img/girl/jewelry.svg', 47, 60000, 10000, 11000),
  (1004, 'girl_sport', 10, 'girl04', 'girl04d', 'img/girl/sport.svg', 47, 60000, 10000, 11000),
  (1005, 'girl_leisure', 10, 'girl05', 'girl05d', 'img/girl/leisure.svg', 47, 60000, 10000, 11000);

INSERT INTO texts (alias, text, type) VALUES
  ('alco01', 'Остатки с бутылок', 'dynamic'),
  ('alco01d', 'Остатки всегда сладки', 'dynamic'),
  ('alco02', 'Свежее пивко', 'dynamic'),
  ('alco02d', 'Уталить свою жажду', 'dynamic'),
  ('alco03', 'Портвейн "Старшина"', 'dynamic'),
  ('alco03d', 'Бьёт сразу в голову', 'dynamic'),
  ('alco04', 'Вино "Левоберег"', 'dynamic'),
  ('alco04d', 'Красит только губы', 'dynamic'),
  ('alco05', 'Водка "Центральная"', 'dynamic'),
  ('alco05d', 'Если двоится, брать по центру', 'dynamic'),
  ('alco06', 'Вино "Правоберег"', 'dynamic'),
  ('alco06d', 'Красит только язык', 'dynamic'),
  ('alco07', 'Craft пиво', 'dynamic'),
  ('alco07d', 'Твоя вторая половинка', 'dynamic'),
  ('alco08', 'Шотики на баре', 'dynamic'),
  ('alco08d', 'За маму, за папу, за АйТи', 'dynamic'),
  ('alco09', 'Коньяк 5*', 'dynamic'),
  ('alco09d', 'Погреть снифтер в руке', 'dynamic'),
  ('alco10', 'Виски односолодовый', 'dynamic'),
  ('alco10d', 'Погладь дога, разожги камин', 'dynamic'),
  ('car01', 'Переполненная маршрутка', 'dynamic'),
  ('car01d', 'Классические "Передайте за проезд!", "Дует!", "Кто пёрнул?", "Душно, откройте окно!"', 'dynamic'),
  ('car02', 'Велосипед "Взрослик Luxe"', 'dynamic'),
  ('car02d', '"Кручу, кручу, кручу, педали кручу, с горы, с горы, с горы как птица лечу"', 'dynamic'),
  ('car03', 'Мотороллер "Пуля"', 'dynamic'),
  ('car03d', 'Быстрее ветра, громче грома, дальше горизонта, чернее тучи', 'dynamic'),
  ('car04', 'Шестёрочка вишнёвая', 'dynamic'),
  ('car04d', 'Железный вариант', 'dynamic'),
  ('car05', 'Китайская BoysToys', 'dynamic'),
  ('car05d', 'Качественный Дорога Движение Мода Карбоновый Мечта Чехол Купить', 'dynamic'),
  ('car06', 'Японская ChioChioSan', 'dynamic'),
  ('car06d', 'Руки на руле, самурай счастлив внутри, правильный выбор', 'dynamic'),
  ('car07', 'Немецкая Minotaureg', 'dynamic'),
  ('car07d', 'Хоть в люди, хоть в горы. Спасибо деду!', 'dynamic'),
  ('car08', 'Британская BritneyBusiness', 'dynamic'),
  ('car08d', 'Богатый дизайн, повышенная надёжность. Элитные поездки для деловых людей', 'dynamic'),
  ('car09', 'Спортивная Poogatti', 'dynamic'),
  ('car09d', 'Ротозеи по ту сторону окна автобуса будут завидовать тебе, стоя рядом в пробках', 'dynamic'),
  ('car10', 'Вертолёт Karlson', 'dynamic'),
  ('car10d', 'Заберёт с любой крыши, из любой точки на планете. Лучше собаки', 'dynamic'),
  ('dark01', 'левый аккаунт', 'dynamic'),
  ('dark02', 'чёрная бухгалтерия', 'dynamic'),
  ('dark03', 'дизайн вредоносного ПО', 'dynamic'),
  ('dark04', 'слить БД', 'dynamic'),
  ('dark05', 'заразить сеть в офисе', 'dynamic'),
  ('dark06', 'спам-бот', 'dynamic'),
  ('dark07', 'искать уязвимость', 'dynamic'),
  ('dark08', 'писать вирус', 'dynamic'),
  ('dark09', 'работать в DarkNet', 'dynamic'),
  ('dark10', 'торговать криптой', 'dynamic'),
  ('girl01', 'Одежда', 'dynamic'),
  ('girl01d', 'Последний писк моды (или мыши в кошельке)', 'dynamic'),
  ('girl02', 'Внешность', 'dynamic'),
  ('girl02d', 'Причёска, маникюр, макияж и многое другое', 'dynamic'),
  ('girl03', 'Украшения', 'dynamic'),
  ('girl03d', 'Блестят драгоценные камни, сияют её глаза', 'dynamic'),
  ('girl04', 'Спорт', 'dynamic'),
  ('girl04d', 'Доверься "скульптору", знающему своё дело', 'dynamic'),
  ('girl05', 'Досуг', 'dynamic'),
  ('girl05d', 'Она знает, чего хочет. Твоё дело - покрыть расходы', 'dynamic'),
  ('health01', 'Спать', 'dynamic'),
  ('health01d', 'Лучше спать, чем не спать', 'dynamic'),
  ('health02', 'Съесть бутер', 'dynamic'),
  ('health02d', 'Нестареющая классика: хлеб, колбаса, сыр', 'dynamic'),
  ('health03', 'Запарить дошик', 'dynamic'),
  ('health03d', 'Манящая аромагия', 'dynamic'),
  ('health04', 'Залить энергетик', 'dynamic'),
  ('health04d', 'Получить силу джедаев', 'dynamic'),
  ('health05', 'Пельмешей закинуть', 'dynamic'),
  ('health05d', 'Просто добавь воды', 'dynamic'),
  ('health06', 'Столовский обед', 'dynamic'),
  ('health06d', 'Не забудь убрать поднос', 'dynamic'),
  ('health07', 'Пицца в кафе', 'dynamic'),
  ('health07d', 'Лучше, чем у бабушки', 'dynamic'),
  ('health08', 'Посетить ресторан', 'dynamic'),
  ('health08d', 'Надень галстук, оставь на чай', 'dynamic'),
  ('health09', 'Амфетамин', 'dynamic'),
  ('health09d', 'Открыть свои чакры', 'dynamic'),
  ('health10', 'Кокаин', 'dynamic'),
  ('health10d', 'Использовать силу двух клавиатур', 'dynamic'),
  ('house01', 'жить с родителями', 'dynamic'),
  ('house01d', 'Ежедневные нравоучения, зато накормят, напоят, за свет/газ/воду заплатят', 'dynamic'),
  ('house02', 'комната в общаге', 'dynamic'),
  ('house02d', 'Все прелести самостоятельной жизни. Не оставляй ничего без присмотра!', 'dynamic'),
  ('house03', 'съёмная однушка в хрущёвке', 'dynamic'),
  ('house03d', 'Пускай не свой, но персональный угол с минимальными удобствами', 'dynamic'),
  ('house04', 'студия за городом', 'dynamic'),
  ('house04d', 'Долгожданная свобода, только негде разгуляться и до работы далеко', 'dynamic'),
  ('house05', 'двушка в центре', 'dynamic'),
  ('house05d', 'Хорошая квартира и соседи интересные, особенно те, что сверху', 'dynamic'),
  ('house06', 'квартира в сталинской высотке', 'dynamic'),
  ('house06d', 'Высокие потолки, просторная жилая площадь, шикарный вид на город', 'dynamic'),
  ('house07', 'квартира в таунхаусе', 'dynamic'),
  ('house07d', 'Двухэтажный дом на две семьи, интересные дизайнерские решения', 'dynamic'),
  ('house08', 'элитный пентхаус', 'dynamic'),
  ('house08d', 'На вершине мира со своим сводом правил. Кто не мечтал там побывать?!', 'dynamic'),
  ('house09', 'дом с бассейном', 'dynamic'),
  ('house09d', 'Шумные вечеринки в бассейне, ламповые посиделки в беседке и никаких соседей', 'dynamic'),
  ('house10', 'вилла у моря', 'dynamic'),
  ('house10d', 'Сбылась мечта! Крики чаек и воздух с моря врываются с шумом в окно.', 'dynamic'),
  ('hw01d', 'Материнская плата', 'dynamic'),
  ('hw02d', 'Процессор', 'dynamic'),
  ('hw03d', 'Видеокарта', 'dynamic'),
  ('hw04d', 'Блок питания', 'dynamic'),
  ('hw05d', 'Оперативная память', 'dynamic'),
  ('hw06d', 'Жесткий диск', 'dynamic'),
  ('hw07d', 'Сетевая карта', 'dynamic'),
  ('hw08d', 'Охлаждение', 'dynamic'),
  ('ltw01', 'Найти и продать инфо', 'dynamic'),
  ('ltw01d', 'Найти и продать информацию об объекте', 'dynamic'),
  ('ltw02', 'Подобрать пароль', 'dynamic'),
  ('ltw02d', 'Подобрать пароль от почты гос.служащего', 'dynamic'),
  ('ltw03', 'Создать сайт-зеркало', 'dynamic'),
  ('ltw03d', 'Создать сайт-зеркало популярной фирмы', 'dynamic'),
  ('ltw04', 'Продать аккаунт', 'dynamic'),
  ('ltw04d', 'Взломать и перепродать аккаунт', 'dynamic'),
  ('ltw05', 'Следить за объектом', 'dynamic'),
  ('ltw05d', 'Следить за объектом по геопозиции', 'dynamic'),
  ('ltw06', 'DDOS-атака', 'dynamic'),
  ('ltw06d', 'DDoS-атака на гос.сайт', 'dynamic'),
  ('ltw07', 'Поиск по базам', 'dynamic'),
  ('ltw07d', 'Найти деликатную информацию в базах спецслужб', 'dynamic'),
  ('ltw08', 'Взломать счёт', 'dynamic'),
  ('ltw08d', 'Взломать банковский счёт богатого папика', 'dynamic'),
  ('ltw09', 'Разработать приложение', 'dynamic'),
  ('ltw09d', 'Создать полезное и многофункциональное приложение', 'dynamic'),
  ('ltw10', 'Очистить БД ФСБ', 'dynamic'),
  ('ltw10d', 'Очистить о себе информацию в базах данных службы безопасности', 'dynamic'),
  ('ltw11', 'Майнинг', 'dynamic'),
  ('ltw11d', 'Проебать все деньги, забыв сид фразу', 'dynamic'),
  ('mood01', 'Смотреть порно', 'dynamic'),
  ('mood01d', 'Врубай режим инкогнито', 'dynamic'),
  ('mood02', 'Донат вебмодели', 'dynamic'),
  ('mood02d', 'Поддержим начинающих блоггеров', 'dynamic'),
  ('mood03', 'Покормить бездомных', 'dynamic'),
  ('mood03d', 'Плюс к карме', 'dynamic'),
  ('mood04', 'Сеанс кино', 'dynamic'),
  ('mood04d', 'Твоя подруга выбрала последний ряд', 'dynamic'),
  ('mood05', 'Посетить лазертаг', 'dynamic'),
  ('mood05d', 'Пиу-пиу, та-да-да-да-да', 'dynamic'),
  ('mood06', 'Шашлычок на природе', 'dynamic'),
  ('mood06d', 'Еда, напитки, конкурсы интересные', 'dynamic'),
  ('mood07', 'Попариться в сауне', 'dynamic'),
  ('mood07d', 'Заодно и помылся', 'dynamic'),
  ('mood08', 'Эскорт массаж', 'dynamic'),
  ('mood08d', 'Тут ты узнаешь что-то новое о лингаме', 'dynamic'),
  ('mood09', 'Раскуриться', 'dynamic'),
  ('mood09d', 'Снуб Дог добавляется в друзья', 'dynamic'),
  ('mood10', 'Закинуть эйфоретик', 'dynamic'),
  ('mood10d', 'Принять ванну с солью', 'dynamic'),
  ('perk01', 'Куриные лапки', 'dynamic'),
  ('perk01d', 'На 24 часа плюс 25% к скорости выполнения долгосрочных задач', 'dynamic'),
  ('perk01sd', 'плюс 25% скорости', 'dynamic'),
  ('perk02', 'Алкошапка', 'dynamic'),
  ('perk02d', 'Что бы ты ни делал, а уровень алкоголя в крови стабилен на сутки', 'dynamic'),
  ('perk02sd', '24 часа полный алкобаланс', 'dynamic'),
  ('perk03', 'Шальные деньги', 'dynamic'),
  ('perk03d', 'На 24 часа дополнительно 100% к доходам от долгосрочных задач', 'dynamic'),
  ('perk03sd', 'плюс 100% к доходам', 'dynamic'),
  ('perk04', 'Конь', 'dynamic'),
  ('perk04d', 'Можно на целый день забыть про ограничение ходов', 'dynamic'),
  ('perk04sd', '24 часа без ограничения ходов', 'dynamic'),
  ('sw01', 'FuckBlock', 'dynamic'),
  ('sw01d', 'Защита от вражеской рекламы', 'dynamic'),
  ('sw02', 'Сondom', 'dynamic'),
  ('sw02d', 'Позаботься об элементарной защите', 'dynamic'),
  ('sw03', 'Macrosoft Mord', 'dynamic'),
  ('sw03d', '"Тебе повезло, ты не такой, как все"', 'dynamic'),
  ('sw04', 'Macrosoft Eggscell', 'dynamic'),
  ('sw04d', 'Решение задач для начинающих кодеров', 'dynamic'),
  ('sw05', 'Macrosoft Duckmanpoint', 'dynamic'),
  ('sw05d', 'Удиви весь мир своей презентацией', 'dynamic'),
  ('sw06', 'SvetoPop', 'dynamic'),
  ('sw06d', 'Теперь подделать подпись будет проще', 'dynamic'),
  ('sw07', '3dMIX', 'dynamic'),
  ('sw07d', 'Объёмные модели = объёмный кошелёк', 'dynamic'),
  ('sw08', 'r-waste', 'dynamic'),
  ('sw08d', 'Не трать время на поиск червей', 'dynamic'),
  ('sw09', 'C1 бухгалтерия', 'dynamic'),
  ('sw09d', 'Легализация доходов и уменьшение затрат', 'dynamic'),
  ('sw10', 'Vinda', 'dynamic'),
  ('sw10d', 'Себе, подруге, другим неопытным юзерам', 'dynamic'),
  ('sw11', 'Universal VinPack', 'dynamic'),
  ('sw11d', 'Всё, что нужно для Винды, в одном пакете', 'dynamic'),
  ('sw12', 'Virtual Machine', 'dynamic'),
  ('sw12d', 'Вычислительные мощности для различных задач', 'dynamic'),
  ('sw13', 'Сasp3rsky', 'dynamic'),
  ('sw13d', 'Защита от невидимых атак', 'dynamic'),
  ('sw14', 'Hole Scanner', 'dynamic'),
  ('sw14d', 'Отыщи дыру в защите. Действуй.', 'dynamic'),
  ('sw15', 'Quadrum', 'dynamic'),
  ('sw15d', 'Оптимизация кода', 'dynamic'),
  ('sw16', 'Printyping Studio', 'dynamic'),
  ('sw16d', 'Почувствуй себя маэстро в мире кодинга', 'dynamic'),
  ('swCat01', 'Антивирус', 'dynamic'),
  ('swCat02', 'Графический редактор', 'dynamic'),
  ('swCat03', 'Облачный сервер', 'dynamic'),
  ('swCat04', 'Операционная система', 'dynamic'),
  ('swCat05', 'Офисная программа', 'dynamic'),
  ('swCat06', 'Пакет программ', 'dynamic'),
  ('swCat07', 'Сканер сети', 'dynamic'),
  ('swCat08', 'Среда разробтки', 'dynamic'),
  ('white01', 'вести видеоблог', 'dynamic'),
  ('white02', 'офисный планктон', 'dynamic'),
  ('white03', 'графический дизайн', 'dynamic'),
  ('white04', 'работа с БД', 'dynamic'),
  ('white05', 'настроить ОС', 'dynamic'),
  ('white06', 'обеспечить защиту', 'dynamic'),
  ('white07', 'администратор сети', 'dynamic'),
  ('white08', 'писать антивирус', 'dynamic'),
  ('white09', 'работать в Gugle', 'dynamic'),
  ('white10', 'работать в ФСБ', 'dynamic');

insert into texts (alias, text, type, ref) VALUES
  ('available', 'Доступно', 'static', 'hacker'),
  ('clanExists', 'Клан с таким названием уже существует', 'static', 'hacker'),
  ('clanMemberAlready', 'Вы уже состоите в клане', 'static', 'hacker'),
  ('clanNotExists', 'Клан не существует', 'static', 'hacker'),
  ('consecutiveLevelUpOnly', 'Повышать уровень можно только последовательно', 'static', 'hacker'),
  ('createdClanBefore', 'Вы уже создали клан ранее', 'static', 'hacker'),
  ('friendAlready', 'Данный пользователь уже у вас в друзьях', 'static', 'hacker'),
  ('gameOver', 'Игра окончена', 'static', 'hacker'),
  ('giftOnceADayOnly', 'Получать подарок можно только раз в 24 часа', 'static', 'hacker'),
  ('hasBetterCar', 'У вас уже есть автомобиль лучше', 'static', 'hacker'),
  ('hasBetterHousing', 'У вас уже есть жилье лучше', 'static', 'hacker'),
  ('hasThisCar', 'У вас уже есть этот автомобиль', 'static', 'hacker'),
  ('hasThisHousing', 'У вас уже есть это жилье', 'static', 'hacker'),
  ('incompleteWork', 'Незаконченная работа', 'static', 'hacker'),
  ('insufficientFunds', 'Недостаточно средств', 'static', 'hacker'),
  ('insufficientHardware', 'Недостаточный уровень железа', 'static', 'hacker'),
  ('insufficientLevel', 'Недостаточный уровень', 'static', 'hacker'),
  ('insufficientRights', 'Недостаточно прав', 'static', 'hacker'),
  ('insufficientSoftware', 'Недостаточный уровень ПО', 'static', 'hacker'),
  ('integer', 'Число должно быть целым', 'static', 'hacker'),
  ('invalidId', 'Неверный ID', 'static', 'hacker'),
  ('invalidPassword', 'Неверный пароль', 'static', 'hacker'),
  ('invalidPasswordLength', 'Длина пароля должна быть 8-20 символов', 'static', 'hacker'),
  ('invalidUsername', 'Только латинские буквы и цифры, первый символ - буква, длина 4-16 символов', 'static', 'hacker'),
  ('isNotFriend', 'Пользователя нет в друзьях', 'static', 'hacker'),
  ('levelUpOnly', 'Вы можете только повышать уровень', 'static', 'hacker'),
  ('noClanMembershipRequest', 'Пользователя нет в списке запросов на вступление в клан', 'static', 'hacker'),
  ('noFriendshipRequest', 'Данного пользователя нет в списке запросов на добавление в друзья', 'static', 'hacker'),
  ('noFriendshipRequestToYourself', 'Вы не можете отправлять себе заявку в друзья', 'static', 'hacker'),
  ('noMessageToYourself', 'Вы не можете отправлять себе сообщение', 'static', 'hacker'),
  ('noMoves', 'Нет ходов', 'static', 'hacker'),
  ('nonPositiveNumber', 'Число должно быть положительной', 'static', 'hacker'),
  ('notClanMember', 'Пользователь не состоит в клане', 'static', 'hacker'),
  ('notInAnyGroup', 'Пользователь не состоит ни в одной группе', 'static', 'hacker'),
  ('readNews', 'Новость уже была прочитана ранее', 'static', 'hacker'),
  ('sentFriendshipRequest', 'Вы уже отправляли заявку в друзья', 'static', 'hacker'),
  ('sentRequest', 'Запрос уже был ранее отправлен', 'static', 'hacker'),
  ('unauthorized', 'Пользователь не авторизован', 'static', 'hacker'),
  ('unequalId', 'ID пользователя не совпадает', 'static', 'hacker'),
  ('userExists', 'Пользователь с таким именем уже существует', 'static', 'hacker'),
  ('userNotExists', 'Пользователь не существует', 'static', 'hacker'),
  ('userNotFound', 'Пользователь не найден', 'static', 'hacker');

insert into roles (role, allow, forbid) values
  ('admin', array['all'], '{}'),
  ('moderator', '{}', array['roles', 'users']),
  ('translator', array['locales', 'texts'], '{}');